model,seed,accuracy,precision,recall,f1,roc_auc
Standard GraphSAGE,42,0.838684,0.845288,0.868497,0.856736,0.913608
AMRG-GraphSAGE,42,0.831461,0.837535,0.864162,0.85064,0.917515
Standard GraphSAGE,123,0.833066,0.848703,0.851156,0.849928,0.91343
AMRG-GraphSAGE,123,0.834671,0.84517,0.859827,0.852436,0.916281
Standard GraphSAGE,456,0.837881,0.85,0.859827,0.854885,0.914951
AMRG-GraphSAGE,456,0.837079,0.849785,0.858382,0.854062,0.916767
Standard GraphSAGE,789,0.829053,0.8378,0.858382,0.847966,0.912126
AMRG-GraphSAGE,789,0.837079,0.842917,0.868497,0.855516,0.915637
Standard GraphSAGE,2026,0.842697,0.848315,0.872832,0.860399,0.915144
AMRG-GraphSAGE,2026,0.841091,0.84116,0.880058,0.860169,0.917372
